{
    "rounds": [
        0,
        1,
        2,
        3,
        4,
        5,
        6,
        7,
        8,
        9,
        10,
        11,
        12,
        13,
        14,
        15,
        16,
        17,
        18,
        19,
        20,
        21,
        22,
        23,
        24,
        25,
        26,
        27,
        28,
        29,
        30,
        31,
        32,
        33,
        34,
        35,
        36,
        37,
        38,
        39,
        40,
        41,
        42,
        43,
        44,
        45,
        46,
        47,
        48,
        49,
        50,
        51,
        52,
        53,
        54,
        55,
        56,
        57,
        58,
        59,
        60,
        61,
        62,
        63,
        64,
        65,
        66,
        67,
        68,
        69,
        70,
        71,
        72,
        73,
        74,
        75,
        76,
        77,
        78,
        79
    ],
    "avg_rewards": [
        -3.8486328125,
        -3.268294270833333,
        -4.038802083333334,
        -4.464127604166666,
        -2.9396484375,
        -2.7926432291666665,
        -2.927018229166667,
        -5.911653645833334,
        -3.125260416666667,
        -3.259049479166667,
        -2.7236328125,
        -2.1033203125,
        -1.9380859375,
        -2.067122395833333,
        -2.1881510416666665,
        -2.6223958333333335,
        -2.8875,
        -2.4270833333333335,
        -2.4046875,
        -2.2729166666666667,
        -2.2323567708333334,
        -2.130989583333333,
        -2.273046875,
        -2.0462890625,
        -2.0020182291666666,
        -2.277604166666667,
        -2.264778645833333,
        -2.3162109375,
        -1.9442708333333334,
        -2.1767578125,
        -2.131575520833333,
        -2.066666666666667,
        -2.173046875,
        -1.9075520833333333,
        -2.705208333333333,
        -2.2362630208333334,
        -2.1084635416666666,
        -2.2322265625,
        -2.1575520833333335,
        -2.1119791666666665,
        -2.051041666666667,
        -2.0287760416666667,
        -1.91875,
        -1.9653645833333333,
        -2.091666666666667,
        -2.2792317708333334,
        -2.0234375,
        -2.0631510416666665,
        -2.1461588541666665,
        -2.480208333333333,
        -2.009049479166667,
        -2.1006510416666666,
        -2.0525390625,
        -2.0108072916666666,
        -2.039908854166667,
        -2.251822916666667,
        -2.2348958333333333,
        -3.22109375,
        -2.3997395833333335,
        -2.892838541666667,
        -2.8108723958333335,
        -3.7962239583333335,
        -3.223502604166667,
        -3.040299479166667,
        -3.0481770833333335,
        -3.2729166666666667,
        -3.192643229166667,
        -2.8633463541666666,
        -1.9040364583333333,
        -3.2548828125,
        -3.159375,
        -3.057486979166667,
        -2.8708984375,
        -2.4563802083333335,
        -2.112109375,
        -2.1376302083333334,
        -2.125260416666667,
        -2.2607421875,
        -2.5618489583333335,
        -2.4819010416666667
    ],
    "att_history": [
        360.04526420737784,
        363.3531507876969,
        373.3099315068493,
        388.08853553199845,
        345.97173011684885,
        373.556860551827,
        369.6879924953096,
        499.87919315939484,
        381.57855855855854,
        391.66273247496423,
        364.4042705903463,
        321.26779720897366,
        312.6553003533569,
        316.1953864692718,
        323.70085769298095,
        339.97249508840866,
        345.5111402359109,
        328.24196460816177,
        327.4504551820728,
        334.3437612369651,
        330.3649723374827,
        324.3938148015731,
        335.2426611082161,
        326.25599166377214,
        321.6473136915078,
        330.3847352024922,
        325.79277668514214,
        328.0814400559245,
        310.64038069340586,
        324.88350340136054,
        320.2591333899745,
        317.12958226768967,
        327.5918923522398,
        317.59378185524974,
        350.59621901194936,
        323.55854760250173,
        329.71690214547357,
        322.0736660929432,
        316.1261215507026,
        324.05958023019633,
        329.21725888324875,
        325.0329762303314,
        320.6659366576819,
        323.851630073187,
        325.60726672171756,
        323.8669893190921,
        318.55352089229234,
        325.64316958277254,
        325.7677158727487,
        345.2387130254281,
        331.30951976921773,
        334.7531287502143,
        330.18785480818855,
        330.55667418850896,
        326.41284403669727,
        333.1475409836066,
        343.811631497684,
        390.05843932622895,
        359.2207903780069,
        387.6023601847101,
        382.645593220339,
        406.0472537053182,
        384.80899830220716,
        370.08810278658433,
        360.5039151712887,
        374.44138383341533,
        374.38166917544737,
        376.55761143818336,
        329.54574503868145,
        402.4082365003418,
        378.34035791938453,
        383.15973630831644,
        377.0216362407032,
        357.35806988352743,
        332.40660822656776,
        332.9683310991957,
        339.9645188284519,
        345.89400998336106,
        369.29559333223307,
        366.20781586355355
    ],
    "delay_history": [
        197.25258362254613,
        196.56268508671582,
        205.60528776520644,
        225.19081206713128,
        174.2194928244043,
        202.76684656108304,
        198.9469387451848,
        354.1717443901034,
        213.47312809884855,
        223.1575125032366,
        191.86069801842825,
        143.1673745831258,
        133.41422550091227,
        135.8390923812836,
        144.05087363493976,
        164.3343587284774,
        173.55619209815015,
        152.5097764412097,
        149.76185648411106,
        156.34409491344104,
        151.56700332044812,
        145.9819213226097,
        156.57625411063907,
        145.44153275502885,
        140.7154827596803,
        151.27560119837958,
        146.45730799342678,
        150.6180816369506,
        129.41203859013436,
        144.3901920447776,
        140.41501456645832,
        137.44935673909168,
        146.63981273435624,
        136.37059684052497,
        177.94741812586665,
        144.73275111486348,
        149.88167767077985,
        143.29528824376024,
        135.86869971797736,
        144.23871740917815,
        147.2294509594842,
        143.65753462857694,
        139.3024305579983,
        141.9426244711549,
        146.4168853876813,
        146.92315467213416,
        137.86452725023338,
        145.5838286613014,
        145.74723072260178,
        167.13329472682375,
        148.54711088940178,
        154.71289620319484,
        149.77057446817372,
        149.01169899218522,
        148.89252813017427,
        150.62737491833258,
        164.38814071619873,
        226.47646303207617,
        191.25137211165924,
        227.41323904773165,
        220.0579902646484,
        246.87593488140635,
        222.35061073021598,
        206.88802661095193,
        191.44770473479613,
        208.63383063737177,
        212.17796590409458,
        212.72379815303623,
        154.11005735688033,
        243.77037425364,
        216.18029247026038,
        221.65757958796627,
        213.06507597530336,
        188.93306056521465,
        157.69735891054123,
        161.94735653120605,
        168.20345046128284,
        175.11376464180617,
        201.39785694770632,
        197.19796698712145
    ],