{
    "rounds": [
        0,
        1,
        2,
        3,
        4,
        5,
        6,
        7,
        8,
        9,
        10,
        11,
        12,
        13,
        14,
        15,
        16,
        17,
        18,
        19,
        20,
        21,
        22,
        23,
        24,
        25,
        26,
        27,
        28,
        29,
        30,
        31,
        32,
        33,
        34,
        35,
        36,
        37,
        38,
        39,
        40,
        41,
        42,
        43,
        44,
        45,
        46,
        47,
        48,
        49,
        50,
        51,
        52,
        53,
        54,
        55,
        56,
        57,
        58,
        59,
        60,
        61,
        62,
        63,
        64,
        65,
        66,
        67,
        68,
        69,
        70,
        71,
        72,
        73,
        74,
        75,
        76,
        77,
        78,
        79
    ],
    "avg_rewards": [
        -4.39609375,
        -2.7916666666666665,
        -3.4839192708333333,
        -6.9462890625,
        -8.965234375,
        -2.6865885416666666,
        -2.416145833333333,
        -2.7983072916666667,
        -2.5845052083333333,
        -2.240104166666667,
        -2.413216145833333,
        -2.3740234375,
        -2.1796875,
        -2.2378255208333333,
        -2.833138020833333,
        -2.761328125,
        -2.9328125,
        -2.4989583333333334,
        -2.3329427083333334,
        -2.2975260416666665,
        -2.3280598958333334,
        -2.255598958333333,
        -2.1693359375,
        -2.0482421875,
        -1.9630208333333334,
        -1.9938802083333333,
        -2.070052083333333,
        -1.9383463541666666,
        -2.015625,
        -2.0108072916666666,
        -2.218880208333333,
        -1.9554036458333333,
        -1.8725260416666667,
        -1.935546875,
        -1.874609375,
        -2.0706380208333335,
        -1.9543619791666667,
        -2.1787760416666666,
        -2.0049479166666666,
        -2.062760416666667,
        -2.187369791666667,
        -2.1978515625,
        -2.3285807291666667,
        -2.3162109375,
        -2.171028645833333,
        -2.100390625,
        -2.2301432291666665,
        -2.364518229166667,
        -2.4078125,
        -2.5015625,
        -2.266015625,
        -2.4369140625,
        -2.1923177083333334,
        -1.9324869791666666,
        -2.0921223958333335,
        -1.8696614583333333,
        -1.8994791666666666,
        -1.915625,
        -2.0550130208333335,
        -2.0435546875,
        -2.1038411458333335,
        -2.0353515625,
        -2.5705078125,
        -2.1052734375,
        -2.2791015625,
        -1.9544270833333333,
        -1.931640625,
        -2.4418619791666667,
        -2.35625,
        -2.046028645833333,
        -1.9584635416666667,
        -1.9583984375,
        -2.4783203125,
        -1.9655598958333333,
        -1.9149739583333334,
        -1.9239583333333334,
        -1.9673828125,
        -2.0544921875,
        -2.0140625,
        -1.9028645833333333
    ],
    "att_history": [
        436.257703595011,
        368.18719889883,
        412.48315587362544,
        655.7278774440637,
        632.5184036393714,
        344.3333931133429,
        341.0529945553539,
        350.65153441074995,
        345.412573313783,
        341.91682957170786,
        351.87116781853626,
        355.6825225225225,
        337.98927422238114,
        343.97987421383647,
        358.9103448275862,
        354.5322344322344,
        376.4401913875598,
        365.4037366548043,
        346.78914919852036,
        342.0145107060697,
        339.9695228143504,
        328.1781340057637,
        323.43090452261305,
        318.0094999103782,
        317.61197416652124,
        315.8733462691833,
        318.45027872684767,
        314.2955265938711,
        321.73772204806687,
        318.73852646386496,
        323.7236797274276,
        316.1524921575462,
        313.92995295347623,
        315.75,
        314.2096914763814,
        323.15750087017057,
        316.998121263877,
        324.33168401296706,
        321.38799236508765,
        321.3416837082481,
        324.79826205486455,
        330.8741813167873,
        335.33028945554787,
        330.1932128240109,
        326.8021656926779,
        324.2364935517602,
        330.9225053078556,
        337.99982165150703,
        342.6727078891258,
        343.18613007545815,
        328.81946155199716,
        338.16559625065094,
        332.6477810910367,
        322.0590355242835,
        330.64494497936727,
        324.4129588902047,
        319.2996957403651,
        311.8211025280899,
        319.4550191038555,
        320.23010826602507,
        322.19386189258313,
        317.3000859845228,
        337.29643296432965,
        316.53934942287515,
        332.3776435045317,
        313.2471600688468,
        309.21999302163294,
        336.7352941176471,
        335.2926741895038,
        319.75238922675936,
        316.57888432580427,
        316.42667347981603,
        336.044148199446,
        317.74870249455887,
        312.3734552226172,
        319.1306448925179,
        315.8430941096818,
        318.9957272261152,
        323.9666835785557,
        319.6996107632425
    ],
    "delay_history": [
        266.1040249122227,
        190.79046573328773,
        239.68729183364448,
        506.6935702475348,
        488.10649605875705,
        170.7345529499054,
        165.50996450436372,
        177.92829521903354,
        170.4706877988868,
        162.91285494514798,
        174.04316084628152,
        178.43633887690228,
        160.68407385003417,
        166.16921249535946,
        187.68825129630608,
        181.96321153870878,
        206.4017709242238,
        192.30903519355476,
        172.31911788908272,
        166.1772613833022,
        163.77769979894154,
        152.2103617361822,
        146.73974317632624,
        141.89780656723934,
        138.36924921701652,
        136.89196969231998,
        139.81851615495117,
        134.31111661063775,
        141.12928093230778,
        138.9158518646906,
        146.38675905839125,
        136.14053168415964,
        133.56514508689258,
        136.01989932228088,
        133.6087427128411,
        143.41460830201757,
        137.7303491719802,
        144.82104551808186,
        141.648505428313,
        141.8655700053933,
        146.55055613088078,
        153.87682750147047,
        158.864981592614,
        151.57711503956784,
        147.73208685851037,
        145.16389168597158,
        153.6331646755958,
        160.66125691754507,
        167.07315528379164,
        169.83019748810494,
        152.01753528884927,
        163.51338224022754,
        155.62876414240375,
        143.03642858635553,
        151.83464346335347,
        145.80665958241377,
        139.967572429274,
        132.86228348589665,
        139.82275015178078,
        140.7934816983502,
        141.96131747506732,
        138.22706009003343,
        164.10379762205636,
        137.85476053606286,
        153.76234815218243,
        135.04996952207043,
        129.9978162848621,
        163.66658918023901,
        159.84251277225295,
        140.967922850384,
        136.28048732746055,
        136.86360162017564,
        161.9761961175706,
        138.00066625980173,
        131.76876084149362,
        140.14796762865146,
        136.93045939091752,
        139.0468635809243,
        143.98969606134418,
        140.6583378187818
    ],